'Ben Webster','Chelsea Bridge'
'Leadbelly','Goodnight Irene'
'Ray Charles','How Long Blues'
'The Kinks','Two Sisters'
'Adam Ant','Goody Two Shoes'
'Sam the Sham & the Pharaohs','Wooly Bully'
'Elvis Presley','Viva Las Vegas'
'Frank Sinatra','April in Paris'
'ABBA','Take a Chance on Me'
'John Coltrane','Cousin Mary'
'Nico','Chelsea Girls'
'Pussy Galore','Dick Johnson'
'Red Hot Chili Peppers','Give It Away'
'Louis Armstrong','Heebie Jeebies'
'Roberta Flack','The First Time Ever I Saw Your Face'
'The Dead Milkmen','Punk Rock Girl'
'Duke Ellington','After All'
'The Moody Blues','Tuesday Afternoon (Forever Afternoon)'
'Little Jimmy Dickens','May the Bird of Paradise Fly up Your Nose'
'MC5','High School'
'The Allman Brothers Band','Ramblin'''' Man'
'Bobby Bare','500 Miles Away from Home'
'Kevin Ayers','Stranger in Blue Suede Shoes'
'The American Analog Set','Magnificent Seventies'
'James Taylor','Carolina in My Mind'
'Soft Cell','Tainted Love'
'Adam Ant','Desperate But Not Serious'
'Neil Young','Harvest Moon'
'Tori Amos','Me and a Gun'
'Sylvia','Nobody'
'Cocteau Twins','Heaven or Las Vegas'
'P.M. Dawn','Set Adrift on Memory Bliss'
'Lefty Frizzell','Look What Thoughts Will Do'
'Mojave 3','Love Songs on the Radio'
'Bob Dylan','Forever Young'
'Kiss','Rock and Roll All Nite'
"'Miles Davis Quintet, Miles Davis'",'Footprints'
'Judas Priest','Living After Midnight'
'Public Enemy','Bring the Noise'
'The Rolling Stones','You Can''''t Always Get What You Want'
'Big Star','Thirteen'
'Sister Wynona Carr','I''''m a Pilgrim Traveler'
'Morrissey','Everyday Is Like Sunday'
'Urge Overkill','Sister Havana'
'The Clash','London Calling'
'The Jesus and Mary Chain','Taste of Cindy'
'Red House Painters','Down Colorful Hill'
'The Carpenters','Rainy Days and Mondays'
'T. Rex','20th Century Boy'
'The Beach Boys','Surfer Girl'
'The Lemonheads','It''''s a Shame About Ray'
'Frank Sinatra','The House I Live In'
'The Who','Won''''t Get Fooled Again'
'Brinsley Schwarz','Nervous on the Road (But Can''''t Stay at Home)'
'The Go-Go''''s','We Got the Beat'
'Rod Stewart','Reason to Believe'
'Barry Manilow','Looks Like We Made It'
'Aqua','Barbie Girl'
'The Jam','''''A'''' Bomb in Wardour Street'
'The Everly Brothers','Love Hurts'
'Stevie Wonder','My Cherie Amour'
'Boy George','The Crying Game'
'Asleep at the Wheel','Choo Choo Ch''''Boogie'
'The Flying Burrito Brothers','Wild Horses'
'Jeff Buckley','Last Goodbye'
'Willie Nelson','Blue Eyes Crying in the Rain'
'Five for Fighting','Superman (It''''s Not Easy)'
'John Denver','Sunshine on My Shoulders'
'The Beach Boys','Don''''t Worry Baby'
'Lou Reed','Perfect Day'
'The Shirelles','Will You Love Me Tomorrow'
'Quiet Riot','Bang Your Head (Metal Health)'
'Ornette Coleman','Free Jazz'
'Archie Shepp','Hambone'
'The Beach Boys','Caroline No'
'The Bangles','Walk Like an Egyptian'
'Loretta Lynn','Coal Miner''''s Daughter'
'The Small Faces','Lazy Sunday'
'Lisa Germano','Geek the Girl'
'Bobby Darin','Splish Splash'
'Bruce Springsteen','Darkness on the Edge of Town'
'Gene','For the Dead'
'Little Feat','Sailin'''' Shoes'
'Sam Cooke','Touch the Hem of His Garment'
'Z.Z. Hill','Someone Else Is Steppin'''' In'
'Dr. Dre','Let Me Ride'
'R.E.M.','Fall on Me'
'Fats Domino','The Fat Man'
'Miles Davis','Don''''t Blame Me'
'Buzzcocks','Everybody''''s Happy Nowadays'
'Johnny Ace','Pledging My Love'
'Bikini Kill','Suck My Left One'
'Scott Walker','Montague Terrace (In Blue)'
'The Beach Boys','In My Room'
'Frank Sinatra','The Christmas Song'
'Liz Phair','Fuck and Run'
'The McCoys','Hang on Sloopy'
'The Beatles','Revolution 9'
'Neil Young','Down by the River'
'The Buckinghams','Kind of a Drag'
'The Kinks','You Really Got Me'
'Nine Inch Nails','Wish'
'Lisa Loeb','Stay'
'Frank Sinatra','The Lady Is a Tramp'
'Cypress Hill','How I Could Just Kill a Man'
'Black Oak Arkansas','Jim Dandy'
'Fred Astaire','Puttin'''' on the Ritz'
'John Sebastian','Welcome Back'
'Madness','House of Fun'
'Miles Davis','Tutu'
'Sparks','Cool Places'
'Men at Work','Down Under'
'Paul McCartney','Mull of Kintyre'
"'Bobby ""Blue"" Bland""'",'Cry Cry Cry'
'David Bowie','Rebel Rebel'
'Neil Young','Cowgirl in the Sand'
'Dick Dale','Misirlou'
'Tindersticks','Here'
'Wanda Jackson','Riot in Cell Block #9'
'Kool Moe Dee','How Ya Like Me Now'
'Connie Francis','Where the Boys Are'
'Frank Sinatra','Stardust'
'Hank Snow','I''''m Movin'''' On'
'Ministry','Jesus Built My Hotrod'
'George Jones','He Stopped Loving Her Today'
'American Music Club','The Thorn in My Side Is Gone'
'Charles Wright','Express Yourself'
'The Rascals','Groovin'''''
'Wilco','A Shot in the Arm'
'The Guess Who','No Sugar Tonight/New Mother Nature'
'The Prodigy','Firestarter'
'T. Rex','Bang a Gong (Get It On)'
'The Rolling Stones','Gimme Shelter'
'Ian Dury','Sex & Drugs & Rock & Roll'
'Jerry Lee Lewis','Middle Age Crazy'
'Destiny''''s Child','Say My Name'
'Laura Lee','Wedlock Is a Padlock'
"'Johnny ""Guitar"" Watson""'",'Gangster of Love'
'The Flamin'''' Groovies','Slow Death'
'Julie London','Cry Me a River'
'John Denver','Rocky Mountain High'
'Cab Calloway','Everybody Eats When They Come to My House'
'Charley Patton','A Spoonful Blues'
'Joni Mitchell','Amelia'
'Albert Ayler','Spirits Rejoice'
'Atari Teenage Riot','Deutschland (Has Gotta Die!)'
'Eric Dolphy','Miss Ann'
'Aretha Franklin','Think'
"'Lee ""Scratch"" Perry""'",'Roast Fish and Cornbread'
'The Who','I Can See for Miles'
'Bow Wow Wow','I Want Candy'
'David Ackles','American Gothic'
'Metallica','Master of Puppets'
'Johnny Cash','Get Rhythm'
'Elmore James','The Sky Is Crying'
'Ray Stevens','The Streak'
'Paul Weller','Sunflower'
'Frank Sinatra','If I Had You'
'Van Morrison','Into the Mystic'
'Redman','Blow Your Mind'
'R.E.M.','Losing My Religion'
'Warren Zevon',"'""Poor'"
'Elmore James','Dust My Broom'
'Public Enemy','Fight the Power'
'Rod Stewart','Mandolin Wind'
'Phil Ochs','I Ain''''t Marching Anymore'
'Ike Quebec','Blue and Sentimental'
'The Andrews Sisters','Ac-Cent-Tchu-Ate the Positive'
'Tom Waits','Ol'''' 55'
'Rahsaan Roland Kirk','The Inflated Tear'
'Ray Charles','Blues Is My Middle Name'
'Ivy','The Best Thing'
'Monty Python','Always Look on the Bright Side of Life'
'Emmylou Harris','Boulder to Birmingham'
'Art Blakey','A Night in Tunisia'
'Queen','Crazy Little Thing Called Love'
'Chappaquiddick Skyline','Leave Me Alone'
'Ricky Martin','Livin'''' la Vida Loca'
'Mudhoney','Sweet Young Thing Ain''''t Sweet No More'
'Pink Floyd','See Emily Play'
'Digable Planets','Rebirth of Slick (Cool Like Dat)'
'LaVern Baker','See See Rider'
'The Beatles','Tomorrow Never Knows'
'Cheap Trick','I Want You to Want Me'
'Jerry Lee Lewis','Great Balls of Fire'
'Al Green','Let''''s Stay Together'
'MC5','Ramblin'''' Rose'
'Green Day','Basket Case'
'Primus','My Name Is Mud'
'Air Supply','All Out of Love'
'Pet Shop Boys','Where the Streets Have No Name (I Can''''t Take My Eyes off You)'
'David Bowie','Fashion'
'Bob Dylan','With God on Our Side'
'Bob Dylan','Lay Lady Lay'
'Sidney Bechet','Wild Cat Blues'
'Marvin Gaye','Inner City Blues (Make Me Wanna Holler)'
'Belle & Sebastian','Lazy Line Painter Jane'
'Rammstein','Du Hast'
'The Ramones','Cretin Hop'
'Burt Bacharach','Walk on By'
'Peter',"' Paul & Mary""'"
'Tommy Roe','Dizzy'
'Tom Petty','American Girl'
'Bad Company','Feel Like Makin'''' Love'
'Robert Johnson','Come on in My Kitchen'
'Air Supply','Making Love Out of Nothing at All'
'The Band','Rag Mama Rag'
'Bobby Fuller','I Fought the Law'
'The Lemonheads','My Drug Buddy'
'Freddy Fender','Before the Next Teardrop Falls'
'Elvis Costello','Veronica'
'Herman''''s Hermits','Mrs. Brown You''''ve Got a Lovely Daughter'
'The Pernice Brothers','Overcome by Happiness'
'Johnny Adams','Reconsider Me'
'Sam & Dave',"'""Hold on'"
'Kruder & Dorfmeister','High Noon'
'Madness','Madness'
'Manic Street Preachers','She Is Suffering'
'Foreigner','Waiting for a Girl Like You'
'Rod Stewart','Maggie May'
'Beastie Boys','Hey Ladies'
'Roy Ayers','Everybody Loves the Sunshine'
'Helmet','Unsung'
'Cyndi Lauper','She Bop'
'Nick Lowe','I Knew the Bride (When She Used to Rock & Roll)'
'Willie Nelson','Night Life'
'Marcos Valle','Crickets Sing for Anamaria'
'The Cult','Love Removal Machine'
'David Bowie','Hang Onto Yourself'
'Bob Dylan','Hurricane'
'Junior Wells','Hoodoo Man Blues'
'Leonard Cohen','Everybody Knows'
'Johnny Cash','Delia''''s Gone'
'Tone-Loc','Wild Thing'
'Gram Parsons','Hickory Wind'
'Lou Reed','Street Hassle'
'The Avalanches','Since I Left You'
'Big Star','The Ballad of el Goodo'
'Frank Sinatra','This Love of Mine'
'Willie Nelson','A Uncloudy Day'
'Paul Revere & the Raiders','Just Like Me'
'Louis Armstrong','Struttin'''' With Some Barbecue'
'Poison','Talk Dirty to Me'
'Albert King','Born Under a Bad Sign'
'The Stooges','T.V. Eye'
'U2','I Will Follow'
'The Rolling Stones','No Expectations'
'American Music Club','Johnny Mathis'''' Feet'
'The Cyrkle','Red Rubber Ball'
'Hank Williams','Move It on Over'
'4hero','Universal Love'
'The Who','Sparks'
'New Order','Blue Monday'
'Debbie Gibson','Shake Your Love'
'Charlie Rich','Life''''s Little Ups and Downs'
'Nancy Sinatra','These Boots Are Made for Walkin'''''
'Public Enemy','Don''''t Believe the Hype'
'Ministry','Stigmata'
'Harry Nilsson','Nobody Cares About the Railroads Anymore'
'Elton John','Madman Across the Water'
'Van Morrison','Moondance'
'Marvin Gaye','I Heard It Through the Grapevine'
'Barenaked Ladies','Jane'
'Tim Buckley','Dolphins'
'Albert Ayler','Holy Ghost'
'Charlie Parker','A Night in Tunisia'
'Aretha Franklin','I Never Loved a Man (The Way I Love You)'
'The Rolling Stones','Fool to Cry'
'Heaven 17','(We Don''''t Need This) Fascist Groove Thang'
'Radiohead','Fake Plastic Trees'
'Throwing Muses','Hate My Way'
'Deee-Lite','Groove Is in the Heart'
'My Bloody Valentine','To Here Knows When'
'Al Green','I''''m Still in Love With You'
'The Idle Race','Imposters of Life''''s Magazine'
'The Smiths','The Boy With the Thorn in His Side'
'Billy Joel','Just the Way You Are'
'Limp Bizkit','Rollin'''' (Air Raid Vehicle)'
'Freddie & the Dreamers','Do the Freddie'
'Violent Femmes','Kiss Off'
'Frank Sinatra','Moonlight in Vermont'
'Todd Rundgren','Hello It''''s Me'
'Esquivel','Mucha Muchacha'
'Bobby Byrd','I Know You Got Soul'
'Red Hot Chili Peppers','True Men Don''''t Kill Coyotes'
"'Cream, Eric Clapton'",'White Room'
'Neil Diamond',"'""Cherry'"
'Billie Holiday','God Bless the Child'
'Simon & Garfunkel','The Only Living Boy in New York'
'Dionne Warwick','I''''ll Never Fall in Love Again'
'Van Morrison','Madame George'
'Humble Pie','30 Days in the Hole'
'The White Stripes','Hotel Yorba'
'XTC','Making Plans for Nigel'
'Body Count','Body Count'
'The Lovin'''' Spoonful','Summer in the City'
'Bettie Serveert','Tom Boy'
'The Doors','Ship of Fools'
'Alicia Keys','Fallin'''''
'Bruce Springsteen','Born to Run'
'Oasis','Wonderwall'
'Bryan Adams','Run to You'
'Elvis Presley','Good Rockin'''' Tonight'
'Randy Newman','Political Science'
'Amy Grant','Baby Baby'
'The Undertones','Get Over You'
'The Easybeats','Friday on My Mind'
'The Blues Brothers','Soul Man'
'The Beach Boys','I Get Around'
"'Bobby ""Blue"" Bland""'",'Stormy Monday Blues'
'Bob Dylan','To Ramona'
'Roxy Music','More Than This'
'Jeff Beck','Beck''''s Bolero'
'The Beatles','Only a Northern Song'
'Dr. Octagon','Blue Flowers'
'Minor Threat','Out of Step'
'The Boo Radleys','I Hang Suspended'
'Roger Miller','Dang Me'
'Laurie Anderson','O Superman (For Massenet)'
'Crowded House','Now We''''re Getting Somewhere'
'The Band','The Weight'
'The Lemonheads','Alison''''s Starting to Happen'
'Brick','Dazz'
'James Taylor','How Sweet It Is (To Be Loved by You)'
'Joe Ely','Fingernails'
'Neil Diamond',"'""Girl'"
'Eddie Cochran','Skinny Jim'
'Devo','Girl U Want'
'They Might Be Giants','Don''''t Let''''s Start'
'The Beau Brummels','Just a Little'
'Esquerita','Rockin'''' the Joint'
'Patsy Cline','She''''s Got You'
'Heart','Crazy on You'
'R.E.M.','Man on the Moon'
'India.Arie','Video'
'Slade','Cum on Feel the Noize'
'Peter Sellers','Any Old Iron'
'The Go-Go''''s','Head over Heels'
'The Meters','Cissy Strut'
'The Animals','Don''''t Let Me Be Misunderstood'
'The Band','King Harvest (Has Surely Come)'
'The Beach Boys','God Only Knows'
'Janet Jackson','What Have You Done for Me Lately'
'A Tribe Called Quest','Scenario'
'Warren Zevon',"'""Lawyers'"
'Charles Mingus','Goodbye Pork Pie Hat'
'George Clinton','Atomic Dog'
'Sidney Bechet','When the Saints Go Marching In'
'The Stooges','I Wanna Be Your Dog'
'Def Leppard','Pour Some Sugar on Me'
'Iggy Pop','Lust for Life'
'Nana Mouskouri','Love Me Tender'
'Otis Redding','These Arms of Mine'
'The Jam','That''''s Entertainment'
'Frank Sinatra','You Go to My Head'
'Curtis Mayfield','People Get Ready'
'Glen Campbell','Guess I''''m Dumb'
'Elliott Smith','Miss Misery'
'The Auteurs','Junk Shop Clothes'
'Muddy Waters','I''''m Ready'
'Travis Tritt','Ten Feet Tall and Bulletproof'
"'Elvis Costello, The Dirty Dozen Brass Band'",'Veronica'
'Aerosmith','Mama Kin'
'Willie Nelson','Always on My Mind'
'The Adverts','Gary Gilmore''''s Eyes'
'Slayer','South of Heaven'
'New Edition','Candy Girl'
'Chuck Berry','You Never Can Tell'
'The Band','The Unfaithful Servant'
'Billy Bragg','Greetings to the New Brunette'
"'John Lennon, The Beatles'",'No Reply'
'Bruce Springsteen','Atlantic City'
'Gin Blossoms','Til I Hear It from You'
'Mott the Hoople','Death May Be Your Santa Claus'
'Bob Dylan','Desolation Row'
'Carole King','No Easy Way Down'
'Mott the Hoople','Rock and Roll Queen'
'They Might Be Giants','Purple Toupee'
'Willie Nelson','Funny How Time Slips Away'
'Swervedriver','Duel'
'Todd Rundgren','Zen Archer'
'Louis Jordan','Choo Choo Ch''''Boogie'
'Unwound','MK Ultra'
'The Flatlanders','Dallas'
'Stereolab','Lo Boob Oscillator'
'The Turtles','You Showed Me'
'King Oliver','King Porter Stomp'
'Billie Holiday',"'""Lover'"
'The Stooges','L.A. Blues'
'Eddie & the Hot Rods','Do Anything You Wanna Do'
'Fred Astaire','A Fine Romance'
'The Zombies','Beechwood Park'
'The Beach Boys','Surfin'''' U.S.A.'
'The Move','Flowers in the Rain'
'Dead Kennedys','Holiday in Cambodia'
'Cat Stevens','The First Cut Is the Deepest'
'Johnny Burnette','The Train Kept A Rollin'''''
'Paul Mauriat','Love Is Blue'
'Paul McCartney','Another Day'
'Johnny Cash','Cry Cry Cry'
'The Ramones','Sheena Is a Punk Rocker'
'Jackson Browne','Late for the Sky'
'Alex de Grassi','Charlotte'
'Thelonious Monk',"'""Well'"
'The Cars','Just What I Needed'
'Yo La Tengo',"'""Barnaby'"
'Gram Parsons','Return of the Grievous Angel'
'Loop','Arc-Lite'
'Pussy Galore','New Breed'
'Bo Diddley','I''''m a Man'
'Bessie Smith','Gimme a Pigfoot (And a Bottle of Beer)'
'The Archies',"'""Sugar'"
'Moe Bandy','Just Good Ol'''' Boys'
'Ben Folds','Rockin'''' the Suburbs'
'The Saints','(I''''m) Stranded'
'Bee Gees','Stayin'''' Alive'
'The Everly Brothers','Problems'
'Frank Sinatra','Violets for Your Furs'
'Chic','Good Times'
'Essential Logic','Aerosol Burns'
'Eagles','Peaceful Easy Feeling'
'Simon & Garfunkel','The Dangling Conversation'
'Kris Kristofferson','Loving Her Was Easier (Than Anything I''''ll Ever Do Again)'
'Bee Gees','Night Fever'
'Warrant','Cherry Pie'
'The Beatles','Baby''''s in Black'
'Dimitri from Paris','Sacre Francais'
'Harry Nilsson','Coconut'
'Slim Harpo','I''''m a King Bee'
'R.E.M.','Driver 8'
'Merle Haggard','Are the Good Times Really Over (I Wish a Buck Was Still Silver)'
'Blind Faith','Can''''t Find My Way Home'
'MC5','Kick Out the Jams'
'Mission of Burma','Academy Fight Song'
'Ian Dury','Wake Up and Make Love With Me'
'David Bowie','Golden Years'
'The B-52''''s','Love Shack'
'DJ Jazzy Jeff & the Fresh Prince','Girls Ain''''t Nothing But Trouble'
'Sade','By Your Side'
'The Rolling Stones','Get off of My Cloud'
'PJ Harvey','50ft Queenie'
'Bachman-Turner Overdrive','Takin'''' Care of Business'
'Patsy Cline','Crazy'
'Duke Ellington',"'""Take the ""A"" Train""'"
'Cat Power','Cross Bones Style'
'Jacques Brel','La Chanson de Jacky'
'Mary Lou Lord','Lights Are Changing'
'Albert Ayler','Bells'
'Ride','Leave Them All Behind'
'The Beatles','I Am the Walrus'
'The Go-Betweens','Spring Rain'
'Ray Conniff','''''S Wonderful'
'Shirley Bassey','Goldfinger'
'Rupert Holmes',Escape (The Pi?a Colada Song) ble'
'Richard Thompson','1952 Vincent Black Lightning'
'Dinosaur Jr.','Start Choppin'
'Jeri Southern','Smoke Gets in Your Eyes'
'George Jones','White Lightning'
'Metallica','Seek & Destroy'
'Bachman-Turner Overdrive','You Ain''''t Seen Nothing Yet'
'The Small Faces','Itchycoo Park'
'The Soft Boys','I Wanna Destroy You'
'Violent Femmes','Blister in the Sun'
'Patti Smith','Piss Factory'
'The Stylistics','You Make Me Feel Brand New'
'Kirsty MacColl','A New England'
'Neil Young','Old Man'
'Burt Bacharach','(There''''s) Always Something There to Remind Me'
'David Bowie',"'""John'"
'Hoagy Carmichael','Georgia on My Mind'
'Primal Scream','Kowalski'
'Bob Dylan','Masters of War'
'Jackie Brenston','Rocket 88'
'Peter Murphy','Cuts You Up'
'Danny Kaye','Bloop Bleep'
'The Dukes of Stratosphear','The Mole from the Ministry'
'Nick Lowe','Cruel to Be Kind'
'Donovan','Wear Your Love Like Heaven'
'The Zombies','Time of the Season'
'The Monks','I Hate You'
'Davy Graham','Angi'
'Slim & Slam','The Flat Foot Floogie'
'Belle & Sebastian','The Boy With the Arab Strap'
"'The Doors, Robby Krieger'",'Strange Days'
'Antonio Carlos Jobim','Agua de Beber'
'Nick Drake','Time Has Told Me'
'Buck Owens','I''''ve Got a Tiger by the Tail'
'Os Mutantes','Bat Macumba'
'David Bowie','Space Oddity'
'The Smiths',"'""William'"
'Bob Mould','Poison Years'
'Morrissey','Suedehead'
'The Beatles','Eleanor Rigby'
'Crowded House','Better Be Home Soon'
'White Zombie','Thunder Kiss ''''65'
'Charlie Daniels','The Devil Went Down to Georgia'
'Barenaked Ladies',"'""If I Had $1'"
'The Fall','Totally Wired'
'Kenny Rogers','Through the Years'
'Belle & Sebastian','Judy and the Dream of Horses'
'Madness','Our House'
'Richard Thompson','I Feel So Good'
'The Temptations','My Girl'
'MC5','Looking at You'
'Dean Martin','Everybody Loves Somebody'
'The Zombies','She''''s Not There'
'Sly & the Family Stone','I Want to Take You Higher'
'Simon & Garfunkel','I Am a Rock'
'Seals & Crofts','We May Never Pass This Way (Again)'
'The La''''s','There She Goes'
'Beck','Devils Haircut'
'John Coltrane','Giant Steps'
'The Replacements','Bastards of Young'
'The Shangri-Las','I Can Never Go Home Anymore'
'PJ Harvey','Sheela-Na-Gig'
'The Damned','Neat Neat Neat'
'Love','Alone Again Or'
'Queen','Killer Queen'
'Right Said Fred','I''''m Too Sexy'
'Eddie Cochran','Somethin'''' Else'
'Cibo Matto','Know Your Chicken'
'The Rascals','Love Is a Beautiful Thing'
'Lindsey Buckingham','Trouble'
'The Impressions','I''''m So Proud'
'OutKast','Ms. Jackson'
'Rufus Wainwright','Cigarettes and Chocolate Milk'
'Charles Mingus','Better Get Hit in Yo'''' Soul'
'Roger Miller','Chug-A-Lug'
'The Rolling Stones','It''''s Only Rock ''''N Roll (But I Like It)'
'Bill Withers','Lean on Me'
'Wire','I Am the Fly'
'Blossom Dearie','Give Him the Ooh-La-La'
'Peggy Lee','Black Coffee'
'XTC','Senses Working Overtime'
'Kris Kristofferson','Come Sundown'
'Grandaddy','The Crystal Lake'
'After the Fire','Der Kommissar'
'Bananarama','Robert de Niro''''s Waiting'
'Bob Dylan','Jokerman'
'Waylon Jennings','Amanda'
'Peter Gabriel','Games Without Frontiers'
'Lulu','To Sir with Love'
'1910 Fruitgum Company','Indian Giver'
'Ernie K-Doe','Mother-In-Law'
'Brooks & Dunn','Boot Scootin'''' Boogie'
'Frank Sinatra','I Only Have Eyes for You'
'Heavenly','C Is the Heavenly Option'
'Frank Sinatra','Over the Rainbow'
'The Velvet Underground','White Light/White Heat'
'Bee Gees','More Than a Woman'
'Bob Dylan','Blowin'''' in the Wind'
'Badfinger','Baby Blue'
'Simon & Garfunkel','The 59th Street Bridge Song (Feelin'''' Groovy)'
'ABC','How to Be a Millionaire'
'Kate Bush','This Woman''''s Work'
'Creed','My Own Prison'
'The Velvet Underground','I''''m Waiting for the Man'
'Cyndi Lauper','Girls Just Want to Have Fun'
'Sam & Dave','Soul Man'
'Descendents','I Don''''t Want to Grow Up'
'Harry Nilsson','Ten Little Indians'
'The Chi-Lites','Oh Girl'
'Little Richard','The Girl Can''''t Help It'
'Meat Loaf','Paradise by the Dashboard Light'
'Britney Spears','Oops! ... I Did It Again'
'Conway Twitty','I''''d Love to Lay You Down'
'The Misfits','Attitude'
'Mose Allison','Ever Since the World Ended'
'The Waterboys','The Whole of the Moon'
'Nick Lowe','Marie Provost'
'10',"'000 Maniacs""'"
'The Barbarians','Are You a Boy or Are You a Girl'
'Rodney Crowell','I Couldn''''t Leave You If I Tried'
'The Cramps','Human Fly'
'Ted Nugent','Motor City Madhouse'
'Oasis','Champagne Supernova'
'The Who','Summertime Blues'
'Ringo Starr','It Don''''t Come Easy'
'Dion','Ruby Baby'
'Fela Kuti','Zombie'
'Phil Collins','I Wish It Would Rain Down'
'Girls Against Boys','Kill the Sexplayer'
'Gipsy Kings','Un Amor'
'Louis Jordan','Let the Good Times Roll'
'Dionne Warwick','I Just Don''''t Know What to Do With Myself'
'Squeeze','Is That Love'
'Burl Ives','Lavender Blue (Dilly Dilly)'
'Johnny Cash','Daddy Sang Bass'
'The Turtles','I''''m Chief Kamanawanalea (We''''re the Royal Macadamia Nuts)'
'John Coltrane','My Favorite Things'
'The Kinks','Juke Box Music'
'The Hollies','Bus Stop'
'Billy Bragg','The Milkman of Human Kindness'
'Cheap Trick','California Man'
'Tom Waits','Downtown Train'
'The Kinks','Sunny Afternoon'
'John Lee Hooker','Hobo Blues'
'Free','All Right Now'
'Shania Twain','Man! I Feel Like a Woman!'
'Faces','Sweet Lady Mary'
'Terry Callier','Satin Doll'
'Bread','Baby I''''m-A Want You'
'Paula Abdul','Forever Your Girl'
'The Rolling Stones','Paint It Black'
'Hound Dog Taylor','Give Me Back My Wig'
'Roy Orbison','It''''s Over'
'The Stone Roses','I Wanna Be Adored'
'Sweet','Ballroom Blitz'
'Pantera','Cowboys From Hell'
'Phil Collins','Against All Odds (Take a Look at Me Now)'
'Crowded House','Don''''t Dream It''''s Over'
'The Doors','People Are Strange'
'Biz Markie','Vapors'
'Mott the Hoople','I Wish I Was Your Mother'
'Jimmy Eat World','Bleed American'
'Manfred Mann','Do Wah Diddy Diddy'
'Bob Dylan','Knockin'''' on Heaven''''s Door'
'Pharoah Sanders','Creator Has a Master Plan'
'Ace of Base','Don''''t Turn Around'
'Roberta Flack','Killing Me Softly With His Song'
'Elvis Costello','God Give Me Strength'
'Jimmy Smith','Back at the Chicken Shack'
'The Beatles','Strawberry Fields Forever'
'Dr. Hook','Cover of the Rolling Stone'
'Digital Underground','The Humpty Dance'
'Metallica','Fade to Black'
'Barenaked Ladies','Be My Yoko Ono'
'Marshall Crenshaw','Cynical Girl'
'The Byrds','Turn! Turn! Turn! (To Everything There Is a Season)'
'B.B. King','Every Day I Have the Blues'
'Rufus Wainwright','Beauty Mark'
'Van Halen','Ain''''t Talkin'''' ''''Bout Love'
'Buddy Guy',"'""Damn Right'"
'Tricky','Overcome'
'Warren Zevon','Werewolves of London'
'James Brown','Cold Sweat'
'Jane Wiedlin','Blue Kiss'
'Mott the Hoople',"'""Ballad of Mott the Hoople (26th March 1972'"
'Bob Dylan','From a Buick 6'
'Spice Girls','Wannabe'
'Heidi Berry','Up in the Air'
'Neneh Cherry','Buffalo Stance'
'Leonard Cohen','Bird on a Wire'
'Peggy Lee','I Don''''t Know Enough About You'
'Hanson','MMMBop'
'Frank Sinatra','Embraceable You'
'Anthrax','Got the Time'
'Bobby McFerrin',"'""Don''''t Worry'"
'Faith No More','Epic'
'Black Grape','Reverend Black Grape'
'Eddie Cochran','C''''mon Everybody'
'Wanda Jackson','Hot Dog! That Made Him Mad'
'The Zeros','Don''''t Push Me Around'
'R.E.M.',"'What''''s the Frequency, Kenneth_'"
'Luther Vandross','Here and Now'
'The Rutles','Cheese and Onions'
'David Bowie','Changes'
'They Might Be Giants','Ana Ng'
'Joe South','Hush'
'John Coltrane','Naima'
'Patsy Cline','Walkin'''' After Midnight'
'Bob Dylan','Girl from the North Country'
"'Gladys Knight &amp; the Pips, Gladys Knight'",'Every Beat of My Heart'
'Spiritualized','Lay Back in the Sun'
'Violent Femmes','Gone Daddy Gone'
'Tricky','Black Steel'
'Public Enemy','Black Steel in the Hour of Chaos'
"'Bruce Springsteen; the E Street Band, Bruce Springsteen'",'American Skin (41 Shots)'
'Joy Division','Isolation'
'Mose Allison','Your Mind Is on Vacation'
'Rick Astley','Never Gonna Give You Up'
'Babes in Toyland','Bruise Violet'
'Fats Waller','Your Feet''''s Too Big'
'The Everly Brothers','Let It Be Me'
'Willie Nelson','On the Sunny Side of the Street'
'Stereolab','Cybele''''s Reverie'
'Cameo','Word Up!'
'Cab Calloway','Minnie the Moocher'
'Gloria Estefan','Anything for You'
'The Flying Burrito Brothers','Break My Mind'
"'Mick Jagger, The Rolling Stones'",'Emotional Rescue'
'The Beach Boys','''''Til I Die'
'Them','Gloria'
'Rage Against the Machine','Killing in the Name'
'DJ Jazzy Jeff & the Fresh Prince','Parents Just Don''''t Understand'
'Pixies','Velouria'
'Red Hot Chili Peppers','Higher Ground'
'Miles Davis','Boplicity'
'Marvin Gaye','What''''s Going On'
'The Verve','The Drugs Don''''t Work'
'Louis Jordan','Ain''''t Nobody Here But Us Chickens'
'Spanky & Our Gang','Sunday Mornin'''''
'Van Halen','Panama'
'Kenny Rogers','Islands in the Stream'
'Billy Paul','Me and Mrs. Jones'
'The Romantics','What I Like About You'
'Del Shannon','Runaway'
'Caravan','In the Land of Grey and Pink'
'RuPaul','Supermodel (You Better Work)'
'Tim Buckley','Song to the Siren'
'Adrian Belew','Men in Helicopters'
'The Beautiful South','Hit Parade'
'Don Williams','Tulsa Time'
'Bee Gees','How Can You Mend a Broken Heart_'
'Violent Femmes','Add It Up'
'The Dixie Cups','Chapel of Love'
'The Who','My Generation'
'Hasil Adkins','She Said'
'The Ramones','Judy Is a Punk'
'Petula Clark','Downtown'
'Rob Base','It Takes Two'
'Brinsley Schwarz','Home in My Hand'
'The Rolling Stones','As Tears Go By'
'Nirvana','Smells Like Teen Spirit'
'Simon & Garfunkel','The Sound of Silence'
'The Stooges','Raw Power'
'Rufus Thomas','Do the Funky Chicken'
'Melvins','Gluey Porch Treatments'
'Bruce Springsteen','Glory Days'
'Joni Mitchell','Raised on Robbery'
'Glen Campbell','Wichita Lineman'
'Frank Sinatra','Angel Eyes'
'The Monkees','(Theme From) The Monkees'
'Bob Dylan','Like a Rolling Stone'
'LL Cool J','Mama Said Knock You Out'
'Barenaked Ladies','Brian Wilson'
'Ash','Girl from Mars'
'Lambert',"' Hendricks & Ross""'"
'Petula Clark','Don''''t Sleep in the Subway'
'Black Sabbath','Iron Man'
'Therapy?','Screamager'
'Al Green','Here I Am (Come and Take Me)'
'Jackson Browne','Somebody''''s Baby'
'The Byrds','Hickory Wind'
'Belly','Feed the Tree'
"'Bruce Springsteen; the E Street Band, Bruce Springsteen'",'The River'
'Louis Jordan','Saturday Night Fish Fry'
'Patsy Cline','I Fall to Pieces'
'Dean Martin','You''''re Nobody ''''Til Somebody Loves You'
'Digital Underground','Doowutchyalike'
'Spoon','Metal School'
'Grand Funk Railroad','We''''re an American Band'
'Bruce Springsteen','My Hometown'
'Tito Puente','Hot Timbales'
'James Brown','Papa''''s Got a Brand New Bag'
'Willie Nelson','Blue Skies'
'Ice Cube','Check Yo Self'
'Bettie Serveert','Palomine'
'The Beach Boys','Girl Don''''t Tell Me'
'The Buggles','Video Killed the Radio Star'
'Pink Floyd','Arnold Layne'
'Frank Sinatra','Strangers in the Night'
'At the Drive-In','Quarantined'
'Creedence Clearwater Revival','Down on the Corner'
'Talking Heads','Life During Wartime'
'Frank Sinatra','Come Rain or Come Shine'
'The Rolling Stones','Play with Fire'
'Bruce Springsteen','Open All Night'
'Fleetwood Mac','Rhiannon'
'Steely Dan','Black Cow'
'Jethro Tull','Aqualung'
'Clifford Brown','Joy Spring'
'Mott the Hoople','All the Way from Memphis'
'Wanda Jackson','Let''''s Have a Party'
'Sagittarius','My World Fell Down'
'The Everly Brothers','Crying in the Rain'
'Clarence Carter','Slip Away'
'Tommy Keene','Places That Are Gone'
'The Moog Cookbook','More Than a Feeling'
'The Main Ingredient','Everybody Plays the Fool'
'Joni Mitchell',"'""Both Sides'"
'The Velvet Underground','Pale Blue Eyes'
'Bad Manners','Lip up Fatty'
'Frank Sinatra','Put Your Dreams Away (For Another Day)'
'Half Japanese','Miracles Happen Every Day'
'John Lennon','Mother'
'The Divine Comedy','Becoming More Like Alfie'
'Dolly Parton','9 to 5'
'Roxy Music','Dance Away'
"'Gladys Knight; the Pips, Gladys Knight'",'Neither One of Us (Wants to Be the First to Say Goodbye)'
'Metallica','One'
'Wilson Pickett','Land of 1000 Dances'
'The Rolling Stones','Midnight Rambler'
'The Dickies','Banana Splits (The Tra La La Song)'
'Plastic Bertrand','Ca Plane Pour Moi'
'Badfinger','No Matter What'
'The Yardbirds','I''''m a Man'
'Ash','Kung Fu'
'Teresa Brewer','Music! Music! Music!'
'The Rolling Stones','Mother''''s Little Helper'
'George Morgan','Room Full of Roses'
'Cracker','Teen Angst (What the World Needs Now)'
'Bread','Make It With You'
'The Trashmen','Surfin'''' Bird'
'Gun Club','For the Love of Ivy'
'John Lennon','Jealous Guy'
'The B-52''''s','Rock Lobster'
'Elvis Presley','Blue Suede Shoes'
'A Tribe Called Quest','I Left My Wallet in El Segundo'
'Madness','One Step Beyond'
'Madness','Baggy Trousers'
'Rick Nelson','Waitin'''' in School'
'Thin Lizzy','The Boys Are Back in Town'
'The Mamas & the Papas','Creeque Alley'
'Mazzy Star','Fade Into You'
'Frank Sinatra','One for My Baby (And One More for the Road)'
'Sammy Hagar','I Can''''t Drive 55'
'Willie Nelson','Pretty Paper'
'The Smiths','This Charming Man'
'America','Sister Golden Hair'
'Gordon Lightfoot','Sundown'
'Lefty Frizzell','Always Late (With Your Kisses)'
'Tim Hardin','Misty Roses'
'The Monkees','Daydream Believer'
'The Beautiful South','Old Red Eyes Is Back'
'Randy Newman','I Think It''''s Going to Rain Today'
'Belle & Sebastian','The Stars of Track and Field'
'The Andrews Sisters','Don''''t Sit Under the Apple Tree (With Anyone Else But Me)'
'The Stooges','Loose'
'Eric Dolphy','Iron Man'
'The Kinks','David Watts'
'Syd Barrett','Baby Lemonade'
'Big Joe Turner',"'""Shake'"
'Pearl Jam','Daughter'
'Nirvana','All Apologies'
'Major Lance','The Monkey Time'
'Nazareth','Hair of the Dog'
'Bob Dylan','It Ain''''t Me Babe'
'Foreigner','Double Vision'
'Derek & the Dominos','Anyday'
'The Who','Amazing Journey'
'David Bowie','Moonage Daydream'
'The Rolling Stones','Start Me Up'
'MC5','I Can Only Give You Everything'
'Simon & Garfunkel','Homeward Bound'
'*NSYNC','Bye Bye Bye'
'Eminem','The Way I Am'
'Public Enemy','911 Is a Joke'
'Hoyt Axton','Della and the Dealer'
'Stiff Little Fingers','Alternative Ulster'
'Sparks','I Predict'
'Johnnie Ray','Cry'
'The Dukes of Stratosphear','Vanishing Girl'
'Siouxsie and the Banshees','Hong Kong Garden'
'Anthrax','Bring the Noise'
'Roy Wood','Songs of Praise'
'Waylon Jennings','Only Daddy That''''ll Walk the Line'
'X','We''''re Desperate'
'The Stone Roses','I Am the Resurrection'
'Harry Nilsson','Me and My Arrow'
'Black Sabbath','Sweet Leaf'
'Television','See No Evil'
'Del tha Funkee Homosapien','Mistadobalina'
'Johnny Paycheck','Take This Job and Shove It'
'Derek & the Dominos','Layla'
'Poison','Unskinny Bop'
'Dexys Midnight Runners','Come on Eileen'
'Big Star','September Gurls'
'Sonny Rollins','Cutie'
'Gene Clark','Tried So Hard'
'The Misfits','Last Caress'
'Percy Sledge','When a Man Loves a Woman'
'Take That','Back for Good'
'Pulp','Babies'
'Queen','Bohemian Rhapsody'
'The Smiths','Hand in Glove'
'Camper Van Beethoven','Take the Skinheads Bowling'
'Poco','Just for Me and You'
'The Coasters','Searchin'''''
'Pere Ubu','Final Solution'
'Echo & the Bunnymen','The Killing Moon'
'Cowboy Junkies','Misguided Angel'
'Joan Baez','Diamonds & Rust'
'Michael Jackson','Don''''t Stop ''''Til You Get Enough'
'Link Wray','Rumble'
'James Carr','The Dark End of the Street'
'Journey','Don''''t Stop Believin'''''
'The Creation','Making Time'
'U2','I Still Haven''''t Found What I''''m Looking For'
'Oingo Boingo','Dead Man''''s Party'
'The dB''''s','Love Is for Lovers'
'Scud Mountain Boys','In a Ditch'
'Bob Dylan','Just Like Tom Thumb''''s Blues'
'Ween','Piss up a Rope'
'Cypress Hill','Insane in the Brain'
'The Delfonics','La-La (Means I Love You)'
'The Strokes','Last Nite'
'Elton John','Goodbye Yellow Brick Road'
'The Association','Windy'
'Black Sabbath','War Pigs'
'Belle & Sebastian','The Fox in the Snow'
'Blondie','X Offender'
'U2','Where the Streets Have No Name'
'Air','Kelly Watch the Stars'
'Big Star','When My Baby''''s Beside Me'
'Army of Lovers','Crucified'
'Captain Beefheart','Abba Zaba'
'The Stone Roses','Waterfall'
'Method Man','Bring the Pain'
'The Clash','White Riot'
'The Fall','Big New Prinz'
'The Five Stairsteps','O-o-h Child'
'Art Blakey','Moanin'''''
'Glenn Miller','In the Mood'
'Marvin Gaye','What''''s Happening Brother'
'Bomb the Bass','Bug Powder Dust'
'Fleetwood Mac','Jumping at Shadows'
'Bob Dylan','Subterranean Homesick Blues'
'Stevie Wonder','You Are the Sunshine of My Life'
'Led Zeppelin','Heartbreaker'
'Jackie Wilson','(Your Love Keeps Lifting Me) Higher and Higher'
'Bob Dylan','Million Dollar Bash'
'The Orb','Little Fluffy Clouds'
'Miles Davis','Sanctuary'
'Unrest','Breather X.O.X.O.'
'Desi Arnaz','Babalu'
'Richard Thompson','Shoot Out the Lights'
'Little Richard','Lucille'
'Mitch Ryder','Jenny Take a Ride!'
'Pixies','Debaser'
'Bad Company','Can''''t Get Enough'
'Big Brother & the Holding Company','Piece of My Heart'
'Blue Cheer','Summertime Blues'
'Fear','I Don''''t Care About You'
'Billy Joel','This Night'
'Genesis','I Know What I Like (In Your Wardrobe)'
'Dizzy Gillespie','Salt Peanuts'
'The Monkees','I''''m a Believer'
'Tom Lehrer','Poisoning Pigeons in the Park'
'Ween','Freedom of ''''76'
'Louis Armstrong','Potato Head Blues'
'The Cowsills',"'""The Rain'"
'Ronnie Milsap','She Keeps the Home Fires Burning'
'The Velvet Underground','I Heard Her Call My Name'
'George Jones','She Thinks I Still Care'
'Blur','Girls & Boys'
'Leonard Cohen',"'""So Long'"
'Minor Threat','In My Eyes'
'Bronski Beat','Smalltown Boy'
'Howlin'''' Wolf','Smokestack Lightning'
'Jethro Tull','Bungle in the Jungle'
'Bob Dylan','Maggie''''s Farm'
'Blondie','Heart of Glass'
'Jewel','I''''m Sensitive'
'George Jones','A Picture of Me (Without You)'
'They Might Be Giants','Birdhouse in Your Soul'
'The Velvet Underground','Venus in Furs'
'The Ink Spots','Don''''t Get Around Much Anymore'
'Muddy Waters','I Just Want to Make Love to You'
'The Archies','Bang Shang-A-Lang'
'Primus','Tommy the Cat'
'Bad Brains','Pay to Cum'
'Talking Heads','Swamp'
'The Chemical Brothers','Block Rockin'''' Beats'
'U2','Sunday Bloody Sunday'
'Ravi Shankar','Raga Jog'
'The Mamas & the Papas','California Dreamin'''''
'Elton John','Daniel'
'Falco','Rock Me Amadeus'
'Paul Anka','Put Your Head on My Shoulder'
'Ice Cube','Steady Mobbin'''''
'Beck','Where It''''s At'
'The Crests','Sixteen Candles'
'Throwing Muses','Counting Backwards'
'XTC','Dear God'
'Johnny Cash','Long Black Veil'
'Liza Minnelli',"'""Theme from New York'"
'Roy Brown','Good Rockin'''' Tonight'
'Cheap Trick','Surrender'
'Bootsy Collins','Bootzilla'
'Spike Jones','Der Fuehrer''''s Face'
'Ornette Coleman','Congeniality'
'Buffalo Springfield','Expecting to Fly'
'Rosanne Cash','Seven Year Ache'
'Bob Dylan','I''''ll Be Your Baby Tonight'
'The Spencer Davis Group','I''''m a Man'
'Beth Orton','Stolen Car'
'X','The World''''s a Mess; It''''s in My Kiss'
'Percy Faith',"'""Theme from ""A Summer Place""""'"
'Badfinger','Suitcase'
'Throbbing Gristle','20 Jazz Funk Greats'
'Jim Croce','Time in a Bottle'
'The Prodigy','Smack My Bitch Up'
'Eric Matthews','My Morning Parade'
'Spanky & Our Gang','Sunday Will Never Be the Same'
'The Kinks','The Village Green Preservation Society'
'Blur','Country House'
'Alice in Chains','Man in the Box'
'Bob Dylan','Highlands'
'Aphex Twin','Xtal'
'Buffalo Tom','Taillights Fade'
'Sam Butera','French Poodle'
'Snoop Dogg','Who Am I (What''''s My Name)?'
'The Exciters','Tell Him'
'OutKast',"'""So Fresh'"
'Johnny Cash','Hey Porter'
'Antonio Carlos Jobim','Desafinado'
'The Cramps','The Crusher'
'The Kinks','Come Dancing'
'The Bangles','Eternal Flame'
'Jewel Akens','The Birds and the Bees'
'Paul McCartney','Silly Love Songs'
'The Doobie Brothers','Rockin'''' Down the Highway'
'Britney Spears','...Baby One More Time'
'Blur','Song 2'
'Jan & Dean','Surf City'
'Joan Jett','Bad Reputation'
'David Bowie','Starman'
'R.E.M.','Orange Crush'
'Beastie Boys','So What''''cha Want'
'Bob Dylan','If Not for You'
'Dave Berry','The Crying Game'
'Rick Springfield','Jessie''''s Girl'
'The Fall','Hit the North'
'Fatboy Slim','The Rockafeller Skank'
'Primal Scream','MBV Arkestra (If They Move Kill ''''Em)'
'The Soft Boys','Underwater Moonlight'
'Miles Davis','My Funny Valentine'
'The Andrews Sisters','Boogie Woogie Bugle Boy'
'The Capris','There''''s a Moon Out Tonight'
'The Beatles','Things We Said Today'
'Rod Stewart','(I Know) I''''m Losing You'
'James Brown','Say It Loud (I''''m Black and I''''m Proud)'
'Lou Reed','Romeo Had Juliette'
'Pet Shop Boys','Opportunities (Let''''s Make Lots of Money)'
'Kim Fowley','Animal Man'
'Robert Johnson','Hellhound on My Trail'
'Newcleus','Jam on Revenge (The Wikki-Wikki Song)'
'Rickie Lee Jones','Chuck E.''''s in Love'
'Def Leppard','Photograph'
'Badly Drawn Boy','Everybody''''s Stalking'
'Dusty Springfield','Wishin'''' and Hopin'''''
'The Runaways','Cherry Bomb'
'Nirvana','Dive'
'Curtis Mayfield','It''''s All Right'
'Wilson Pickett','Mustang Sally'
'Bob Dylan','Highway 61 Revisited'
'Ray Charles','Night Time Is the Right Time'
'Iron Maiden','Run to the Hills'
'Madonna','Holiday'
'Sweet','Little Willy'
'Miles Davis','Summertime'
'Was (Not Was)','Walk the Dinosaur'
'Koko Taylor','Wang Dang Doodle'
'The Box Tops','Cry Like a Baby'
'Miles Davis','Miles Ahead'
'Nick Gilder','Hot Child in the City'
'The Byrds','All I Really Want to Do'
'The Manhattan Transfer','Boy from New York City'
'Sonic Youth','Expressway to Yr. Skull'
'Supergrass','Caught by the Fuzz'
'Bob Dylan','Shelter from the Storm'
'R. Carlos Nakai','Canyon Reverie'
'The Cardigans','Lovefool'
'Poison','Nothin'''' but a Good Time'
'Daft Punk','Da Funk'
'Duke Ellington','East St. Louis Toodle-Oo'
'The Who',"'""A Quick One'"
'Burt Bacharach','(They Long to Be) Close to You'
'Gil Scott-Heron','Johannesburg'
'The Flying Burrito Brothers','Farther Along'
'''''Til Tuesday','Voices Carry'
'Billy Idol','Rebel Yell'
'Pet Shop Boys','Rent'
'The Who','Eminence Front'
'Led Zeppelin','Communication Breakdown'
"'Elvis Costello, Elvis Costello; the Attractions'",'Beyond Belief'
'The Housemartins','Happy Hour'
'They Might Be Giants','(She Was A) Hotel Detective'
'Neko Case','Bowling Green'
'Happy Mondays','Kinky Afro'
'Elvis Costello','Alison'
'Neil Young','Sedan Delivery'
'Van Morrison','Tupelo Honey'
'Stereo Total','Beautycase'
'The Kinks','Don''''t Forget to Dance'
'Simon & Garfunkel','Mrs. Robinson'
'Rufus Thomas','Walking the Dog'
'The Rascals','A Beautiful Morning'
'Guns N'''' Roses','Paradise City'
'Jewel','You Were Meant for Me'
'Fred Neil','The Dolphins'
'Hasil Adkins','No More Hot Dogs'
'Green River','Swallow My Pride'
'Faith No More','A Small Victory'
'U2','Pride (In the Name of Love)'
'The Rolling Stones','Little Red Rooster'
'Dean Martin','Ain''''t That a Kick in the Head'
'The Time','777-9311'
'Cocteau Twins','Iceblink Luck'
'Freedy Johnston','This Perfect World'
'Carmen McRae','Comes Love'
'Bay City Rollers','Saturday Night'
'Bush','Everything Zen'
'The Doors','Celebration of the Lizard'
'The Germs','Forming'
'Sarah Vaughan','Misty'
'John Cale','Child''''s Christmas in Wales'
'David Bowie','Suffragette City'
'PJ Harvey','Rid of Me'
'Tom Waits','Jockey Full of Bourbon'
'Aerosmith','Back in the Saddle'
'The Searchers','Needles and Pins'
'Blondie','Rapture'
'The Auteurs','Show Girl'
'Eddie & the Hot Rods','Teenage Depression'
'Supergrass','Mansize Rooster'
'Blue Cheer','Out of Focus'
'Eagles','Take It to the Limit'
'Black Sabbath','Black Sabbath'
'Big Maybelle','One Monkey Don''''t Stop No Show'
'Bob Dylan','Not Dark Yet'
'Janis Joplin','Piece of My Heart'
'Felt','Primitive Painters'
'Pantera','Cemetery Gates'
'Atari Teenage Riot','Start the Riot'
'Stevie Wonder','Isn''''t She Lovely'
'Loudon Wainwright III','Dead Skunk'
'Mojo Nixon','Elvis Is Everywhere'
'Squeeze','Up the Junction'
"'David Bowie, Rick Wakeman'",'Space Oddity'
'Sam Cooke','A Change Is Gonna Come'
'New Order','True Faith'
'Tommy James & the Shondells','Mony Mony'
'Alice in Chains','Got Me Wrong'
'R.E.M.','Imitation of Life'
'TLC','No Scrubs'
'Frank Sinatra','These Foolish Things'
'Paul Carrack','Don''''t Shed a Tear'
'The Rutles','I Must Be in Love'
'The Pogues','If I Should Fall from Grace With God'
'Faces','Had Me a Real Good Time'
'Toni Basil','Mickey'
'Frank Sinatra','Try a Little Tenderness'
'Hank Ballard','Finger Poppin'''' Time'
'Nirvana','Heart Shaped Box'
'Art Blakey','Free for All'
'The Beatles','It''''s All Too Much'
'Julie Andrews','My Favorite Things'
'Helmet','In the Meantime'
'Barry Manilow','Mandy'
'The Everly Brothers','All I Have to Do Is Dream'
'Lyle Lovett','Here I Am'
'Hank Williams','Honky Tonkin'''''
'Saint Etienne','Join Our Club'
'The Temptations','Just My Imagination (Running Away With Me)'
'Little Feat','Fat Man in the Bathtub'
'Digital Underground','Underwater Rimes'
'The Barracudas','Summer Fun'
'Bob Marley',"'""No Woman'"
'Hank Ballard',"'""Let''''s Go'"
'Frank Sinatra','When Your Lover Has Gone'
'The Kinks','Waterloo Sunset'
'Chuck Berry','Rock & Roll Music'
'Gene',"'""Be My Light'"
'Buddy Rich','Groovin'''' Hard'
'Frank Sinatra','Too Marvelous for Words'
'Billy Joel','New York State of Mind'
'Lauryn Hill','Doo Wop (That Thing)'
'Buddy Holly',"'""Oh'"
'Syd Barrett','Octopus'
'Ray Charles','Sitting on Top of the World'
'The Rascals','Good Lovin'''''
'Roger Miller','Kansas City Star'
'Kate Bush','Wuthering Heights'
'Billy Joel','The Longest Time'
'Joy Division','Transmission'
'Mission of Burma','That''''s When I Reach for My Revolver'
'The Replacements','Can''''t Hardly Wait'
'The Isley Brothers','Twist and Shout'
'The Clash','The Call Up'
'George Jones','Why Baby Why'
'The Band','The Night They Drove Old Dixie Down'
'Big Country','In a Big Country'
'The Beautiful South','Song for Whoever'
'Ashford & Simpson','Solid'
'Lynyrd Skynyrd','Gimme Three Steps'
'Joe Williams','Goin'''' to Chicago'
'Gram Parsons','In My Hour of Darkness'
'The Beatles','Penny Lane'
'The Divine Comedy','Something for the Weekend'
'The Smiths','Heaven Knows I''''m Miserable Now'
'The Doors','Break on Through (To the Other Side)'
'The Jackson 5','ABC'
'10cc','The Wall Street Shuffle'
'The Rolling Stones','2000 Light Years from Home'
'Blur','To the End'
'Yo La Tengo','My Little Corner of the World'
'The Neville Brothers','Tell It Like It Is'
'LaVern Baker','Jim Dandy'
'Danzig','Mother'
'Boogie Down Productions','Bridge Is Over'
'Aretha Franklin','Respect'
'The Rentals','Friends of P.'
'Smokey Robinson','The Tracks of My Tears'
'Bon Jovi','Bad Medicine'
'The Jam','Town Called Malice'
'Phil Collins','A Groovy Kind of Love'
'New Vaudeville Band','Winchester Cathedral'
'Frank Sinatra','Time After Time'
'Dean Martin','Memories Are Made of This'
'Traffic','Dear Mr. Fantasy'
'Bobby Darin',"'""Hello'"
'Hank Williams','Jambalaya (On the Bayou)'
'James Taylor','You''''ve Got a Friend'
'Blur','Pop Scene'
'Pixies','Tame'
'Prince','Let''''s Go Crazy'
'The Police','Can''''t Stand Losing You'
'Billie Holiday','Lover Man'
'Dolly Parton','Here You Come Again'
'Little Richard','Good Golly Miss Molly'
'Cilla Black','Alfie'
'Utopia','Feet Don''''t Fail Me Now'
'Wynonie Harris','Good Rockin'''' Tonight'
'The Rolling Stones','Angie'
'Matthew Sweet','I''''ve Been Waiting'
'Gram Parsons','Still Feeling Blue'
'Miles Davis','In Your Own Sweet Way'
'Frank Sinatra','Nancy (With the Laughing Face)'
'Billy Ray Cyrus','Achy Breaky Heart'
'Johnny Mathis','Wonderful! Wonderful!'
'Coldplay','Yellow'
'Craig Mack','Flava in Ya Ear'
'The Cure','Killing an Arab'
'Burt Bacharach','Pacific Coast Highway'
'Chairmen of the Board','Give Me Just a Little More Time'
'Low','Over the Ocean'
'Al Stewart','Year of the Cat'
'Tenacious D','Explosivo'
'Paula Cole','I Don''''t Want to Wait'
'Glen Campbell','Gentle on My Mind'
'Mudhoney','In ''''N'''' Out of Grace'
'Talking Heads','Psycho Killer'
'Pet Shop Boys','Being Boring'
'Live','Lightning Crashes'
'Buzzcocks','Orgasm Addict'
'The Animals','We Gotta Get Out of This Place'
'Brian Eno','Baby''''s on Fire'
'The Kinks','Victoria'
'Gerry Mulligan','Line for Lyons'
'Bread','If'
'Nick Drake','At the Chime of a City Clock'
'Willie Nelson','All of Me'
'Mose Allison','Parchman Farm'
'Public Enemy','Welcome to the Terrordome'
'Big Star','You Can''''t Have Me'
'Dusty Springfield','I Only Want to Be With You'
'Gregory Isaacs','All I Have Is Love'
'Lene Lovich','Lucky Number'
'The Dead Milkmen','Bitchin'''' Camaro'
'Billie Holiday','Fine and Mellow'
'The Marvelettes','Beechwood 4-5789'
'Nancy Sinatra','Some Velvet Morning'
'The Sundays','Here''''s Where the Story Ends'
'Joe Cocker','With a Little Help from My Friends'
'James Brown','Night Train'
'Smokey Robinson','Ooo Baby Baby'
'Randy Newman','Sail Away'
'The Kinks','Picture Book'
'Eddy Arnold','What''''s He Doing in My World'
'Harry Nilsson','I Guess the Lord Must Be in New York City'
'The Innocence Mission','Bright as Yellow'
'Malcolm McLaren','Buffalo Gals'
'The Kingsmen',"'""Louie'"
'Beastie Boys','Fight for Your Right'
'Yo La Tengo','Autumn Sweater'
'Graham Parker','Local Girls'
'Destiny''''s Child','Survivor'
'The Doors','Riders on the Storm'
'Roy Orbison','Only the Lonely'
'Pete Townshend','Slit Skirts'
'Spike Jones','William Tell Overture'
'The Fall','15 Ways (To Leave Your Man)'
'Echo & the Bunnymen','Bring on the Dancing Horses'
'Lenny Kravitz','Are You Gonna Go My Way'
'Aerosmith','Walk This Way'
'Kid Rock','Cowboy'
'Nick Lowe','Cracking Up'
'Frank Sinatra','I''''ve Got a Crush on You'
'Hoagy Carmichael','Stardust'
'Neil Sedaka','Calendar Girl'
'Chuck Berry','No Particular Place to Go'
'Guns N'''' Roses','Mr. Brownstone'
'The Proclaimers','I''''m Gonna Be (500 Miles)'
'Billy Joel','Tell Her About It'
'The Rolling Stones','Live with Me'
'The Orb','Blue Room'
'Bee Gees','Too Much Heaven'
'George Jones','A Good Year for the Roses'
'Jackie McLean','Frankenstein'
'Johnny Cash','I Still Miss Someone'
'Supertramp','Bloody Well Right'
'Love','My Little Red Book'
'Young MC','Bust a Move'
'John Prine','Sam Stone'
'Marc Almond','The Stars We Are'
'Brownsville Station','Smokin'''' in the Boy''''s Room'
'Bob Dylan','Everything Is Broken'
'Jeff Buckley','Grace'
'Suede','The Wild Ones'
'Brian Eno','Burning Airlines Give You So Much More'
'R.E.M.','Nightswimming'
'The Monkees','Last Train to Clarksville'
'Billy Joel','Say Goodbye to Hollywood'
'Alabama','The Closer You Get'
'The Association','Cherish'
'Basement Jaxx','Jump N'''' Shout'
'The Beach Boys','California Girls'
'Eddie Cochran','Summertime Blues'
'Liz Phair','Supernova'
'David Houston','My Elusive Dreams'
'Led Zeppelin','Whole Lotta Love'
'Faces','Stay With Me'
'Donald Fagen','I.G.Y.'
'Harry Nilsson','1941'
'Jo Stafford','You Belong to Me'
'Kathy Mattea','Eighteen Wheels and a Dozen Roses'
'Steely Dan','Deacon Blues'
'Fats Waller','Ain''''t Misbehavin'''''
'Madonna','Express Yourself'
'Devo','Whip It'
'Nirvana','In Bloom'
'Jacques Brel','Amsterdam'
'Busta Rhymes','Put Your Hands Where My Eyes Could See'
'Talking Heads','Once in a Lifetime'
'Prince','Raspberry Beret'
'Barclay James Harvest','Mocking Bird'
'Public Enemy','Rebel Without a Pause'
'Bob Dylan','Just Like a Woman'
'Joe Walsh','Rocky Mountain Way'
'The Exploited','Exploited Barmy Army'
'The Clash','I''''m So Bored with the U.S.A.'
'The Boo Radleys','Wake Up Boo!'
'Eric Clapton','Layla'
'The Flaming Lips','She Don''''t Use Jelly'
'Fats Waller','The Joint Is Jumpin'''''
'Edd Byrnes',"'""Kookie'"
'Spike Jones','All I Want for Christmas Is My Two Front Teeth'
'The Supremes','Baby Love'
'Deep Purple','Highway Star'
'Randy Newman','Short People'
'Frank Sinatra','As Time Goes By'
'Korn','Freak on a Leash'
'John Lennon','Cold Turkey'
'Fontella Bass','Rescue Me'
'The Wallflowers','Three Marlenas'
'Low','Sunflower'
'John Zorn','Godard'
'Irma Thomas','It''''s Raining'
'Badfinger','Without You'
'Kyuss','Thumb'
'Boston','More Than a Feeling'
'Burt Bacharach','Trains and Boats and Planes'
'The Lovin'''' Spoonful','Daydream'
'The Vapors','Turning Japanese'
'Gang of Four','At Home He''''s a Tourist'
'The Housemartins','Caravan of Love'
'Belle & Sebastian','Like Dylan in the Movies'
'Nat King Cole','Mona Lisa'
'Albert Collins','Frosty'
'Jay-Z','Big Pimpin'''''
'The B-52''''s','Planet Claire'
'Billy Joel','Pressure'
'The Modern Jazz Quartet','Django'
'Louis Jordan','Five Guys Named Moe'
'Grant Lee Buffalo','Fuzzy'
'Simple Minds','Don''''t You (Forget About Me)'
'Sonic Youth','Teen Age Riot'
'My Bloody Valentine','Feed Me With Your Kiss'
'The Rolling Stones','Let''''s Spend the Night Together'
'Magazine','Shot by Both Sides'
'Tori Amos','Cornflake Girl'
'Happy Mondays','Step On'
'Wilbert Harrison','Kansas City'
'The Kinks','Where Have All the Good Times Gone'
'Johnny Cash','Sunday Morning Coming Down'
'Fiona Apple','Criminal'
'The Levellers','One Way'
'T. Rex','Ride a White Swan'
'Bob Dylan','My Back Pages'
'Pixies','Bone Machine'
'Nick Drake','Pink Moon'
'Suede','Beautiful Ones'
'The Velvet Underground','Heroin'
'Michael Jackson','Bad'
'The Damned','Machine Gun Etiquette'
'Pat Benatar','Hit Me With Your Best Shot'
'Edwyn Collins','A Girl Like You'
'Pere Ubu','The Modern Dance'
'Chad & Jeremy','A Summer Song'
'The Pogues','Fairytale of New York'
'Buck Owens','Act Naturally'
'David Bowie','Oh! You Pretty Things'
'Little Richard','Rip It Up'
'Black Flag','Rise Above'
'Super Furry Animals','God! Show Me Magic'
'Jimmy Rushing','Sent for You Yesterday (And Here You Come Today)'
'Steve Winwood','Roll With It'
'Slick Rick','Children''''s Story'
'Nat King Cole','Sweet Lorraine'
'Sade','Smooth Operator'
'Martin Denny','Quiet Village'
'Patsy Cline','Sweet Dreams'
'Beck','Loser'
'A Tribe Called Quest','Bonita Applebum'
'Alice Cooper','No More Mr. Nice Guy'
'The Who','Magic Bus'
'Lil Johnson','Get ''''Em from the Peanut Man (The New Hot Nuts)'
'Frankie Ford','Sea Cruise'
'Tony Williams','Emergency'
'The Kinks','Days'
'Guns N'''' Roses','Night Rain'
'The Who','Baba O''''Riley'
'10cc','The Things We Do for Love'
'Radiohead','Karma Police'
'Mudhoney','You Got It (Keep It Outta My Face)'
'Cheb Mami','Meli Meli'
'Nina Simone','Mississippi Goddam'
'Willie Nelson','Help Me Make It Through the Night'
'Foo Fighters','This Is a Call'
'Screamin'''' Jay Hawkins','I Put a Spell on You'
'Eddie Floyd','Knock on Wood'
'Massive Attack','Karmacoma'
'Ramones','Do You Remember Rock ''''N'''' Roll Radio_'
'Homer & Jethro','The Battle of Kookamonga'
'Paul Davis','I Go Crazy'
'Edwin Starr','War'
'Radiohead','High and Dry'
'Onyx','Slam'
'Procol Harum','A Whiter Shade of Pale'
'Bratmobile','The Real Janelle'
'Sam & Dave','I Thank You'
'Gram Parsons','How Much I''''ve Lied'
'The Monkees','(I''''m Not Your) Steppin'''' Stone'
'Cassandra Wilson','Time After Time'
'Bow Wow Wow',"'""C30'"
'U2','Sweetest Thing'
'Radiohead','Creep'
'Enya','Orinoco Flow'
'R.E.M.','Drive'
'Death','Open Casket'
'Carole King','So Far Away'
'Tenpole Tudor','Wunderbar'
'Joe Jackson','Got the Time'
'Joe Tex','S.Y.S.L.J.F.M. (The Letter Song)'
'Biz Markie','Just a Friend'
'Iris DeMent','Our Town'
'The Rolling Stones','19th Nervous Breakdown'
'XTC','The Ballad of Peter Pumpkinhead'
'Gerry Mulligan','In a Mellow Tone'
'The B-52''''s','Private Idaho'
'Limp Bizkit','Nookie'
'Nirvana','Aneurysm'
'Fleetwood Mac','Landslide'
'Paul McCartney','Jet'
'Frank Sinatra','It Was a Very Good Year'
'George Harrison','All Things Must Pass'
'Django Reinhardt','I Got Rhythm'
'Morrissey','I Know It''''s Gonna Happen Someday'
'Led Zeppelin','The Rain Song'
'John Prine','Angel from Montgomery'
'Pixies','Here Comes Your Man'
'Miles Davis','Mr. Pastorius'
'The Troggs','Wild Thing'
'Fred Neil','Everybody''''s Talkin'''''
'The Police','Every Breath You Take'
'My Bloody Valentine','Soon'
'Squeeze','Another Nail in My Heart'
'Sugar Ray','Fly'
'Bourgeois Tagg','I Don''''t Mind at All'
'The Clash','Complete Control'
'Gordon Lightfoot','The Wreck of the Edmund Fitzgerald'
'The Sugarcubes','Birthday'
'Lee Dorsey','Ride Your Pony'
'Billy Boy Arnold','I Ain''''t Got You'
'Guided by Voices','I Am a Scientist'
'Ol'''' Dirty Bastard','Brooklyn Zoo'
'The Coasters','Along Came Jones'
'Ike & Tina Turner','Proud Mary'
'Bob Dylan',"'""Don''''t Think Twice'"
'Harry Nilsson','Everybody''''s Talkin'''''
'Otis Redding','Try a Little Tenderness'
'Bikini Kill','Rebel Girl'
'Don Williams','I Believe in You'
'Culture Club','I''''ll Tumble 4 Ya'
'Bob Dylan','Man in the Long Black Coat'
'Green Day','Longview'
'Barenaked Ladies','One Week'
'Pixies','Monkey Gone to Heaven'
'Meat Loaf','You Took the Words Right Out of My Mouth (Hot Summer Night)'
'Lindsey Buckingham','Go Insane'
'Belle & Sebastian','Seeing Other People'
'Grandmaster Flash','White Lines (Don''''t Don''''t Do It)'
'Derek & the Dominos','Bell Bottom Blues'
'Hall & Oates','Say It Isn''''t So'
'The Real Kids','All Kindsa Girls'
'Swans','Raping a Slave'
'Muddy Waters','Mannish Boy'
'Accept','Balls to the Wall'
'Ween','I Can''''t Put My Finger on It'
'Miles Davis','I Fall in Love Too Easily'
'Bruce Springsteen','Promised Land'
'Harpers Bizarre','The 59th Street Bridge Song (Feelin'''' Groovy)'
'Altered Images','Happy Birthday'
'Kid Rock','I Am the Bullgod'
'Tony Burrows','Beach Baby'
'The Jam','Start!'
'White Zombie','More Human Than Human'
'Thelonious Monk','In Walked Bud'
'Miles Davis','Spanish Key'
'Fishbone','Party at Ground Zero'
'Chicago','If You Leave Me Now'
'Weezer','Buddy Holly'
'Lefty Frizzell',"'""Saginaw'"
'Eddie Cochran','Twenty Flight Rock'
'Pet Shop Boys','Suburbia'
'Bobby Bare','The All American Boy'
'Rod Stewart','Handbags & Gladrags'
'Weezer','The Good Life'
'Uncle Tupelo','Chickamauga'
'They Might Be Giants','They''''ll Need a Crane'
'Frank Sinatra','Fools Rush In'
'Seals & Crofts','Summer Breeze'
'The Ramones','Rockaway Beach'
'Gipsy Kings','Bamboleo'
'Pere Ubu','30 Seconds Over Tokyo'
'Monty Python','Lumberjack Song'
'Faces','You''''re So Rude'
'The Everly Brothers','Claudette'
'The Moody Blues','Nights in White Satin'
'Shirley & Lee','Let the Good Times Roll'
'Fatboy Slim','Praise You'
'The Specials','Nite Klub'
'The Tubes','White Punks on Dope'
'Pavement','Summer Babe'
'The Turtles','Happy Together'
'The Jesus and Mary Chain','Blues from a Gun'
'Mary Lou Lord','Subway'
'PJ Harvey','Man-Size'
'Frank Sinatra','How Deep Is the Ocean'
'Donna Summer','Love to Love You Baby'
'Carole King','It''''s Too Late'
'The Coasters','Little Egypt'
'Spike Jones','Cocktails for Two'
'David Bowie','The Bewlay Brothers'
'Bruce Channel','Hey! Baby'
'John Coltrane','Lush Life'
'John Lennon','Working Class Hero'
'Phil Collins','Sussudio'
'Howlin'''' Wolf','Evil'
'Andrew Gold','Thank You for Being a Friend'
'This Mortal Coil','You and Your Sister'
'Radiohead','Lucky'
'The Soft Boys','Positive Vibrations'
'Brian Eno','1/1'
'Jimi Hendrix','Purple Haze'
'Ray Charles','She''''s on the Ball'
'Moby Grape','Hey Grandma'
'Big Audio Dynamite','The Globe'
'Carole King','(You Make Me Feel Like) A Natural Woman'
'Harry Chapin','Taxi'
'The Jayhawks','Waiting for the Sun'
'Little Feat','Hate to Lose Your Lovin'''''
'Sam Phillips','Baby I Can''''t Please You'
'The Strokes','Hard to Explain'
'Little Feat','Willin'''''
'Los Dandy''''s','Como un Duende'
'The Rolling Stones','Heart of Stone'
'Canned Heat','Going Up the Country'
'James Brown','Super Bad'
'Creedence Clearwater Revival','Fortunate Son'
'The Flying Burrito Brothers','Lazy Days'
'Dizzy Gillespie','Groovin'''' High'
'The Clash','Garageland'
'Sandie Shaw','(There''''s) Always Something There to Remind Me'
'New Order','Bizarre Love Triangle'
'Wreckless Eric','Whole Wide World'
'Moby','Natural Blues'
'Gilbert O''''Sullivan','Alone Again (Naturally)'
'Lee Dorsey','Working in the Coal Mine'
'The Replacements','Here Comes a Regular'
'The Boo Radleys','It''''s Lulu'
'The Band','Across the Great Divide'
'Frank Sinatra','The Christmas Waltz'
'Ol'''' Dirty Bastard','Shimmy Shimmy Ya'
'Hot Chocolate','You Sexy Thing'
'Dee Clark','Hey Little Girl'
'R.E.M.','Everybody Hurts'
'Gang of Four','To Hell With Poverty!'
'Bruce Springsteen','State Trooper'
'Kenny Rogers','Lady'
'Albert Ayler','The Truth Is Marching In'
'The Jam','In the City'
'The Animals','The House of the Rising Sun'
'Mudhoney','Touch Me I''''m Sick'
'Dead Boys','Sonic Reducer'
'Paul McCartney','Band on the Run'
'Ella Fitzgerald','Black Coffee'
'Jimi Hendrix','Fire'
'Portishead','Sour Times'
'Bob Dylan','Mr. Tambourine Man'
'Bob Marley','Is This Love'
'Vince Guaraldi','Linus and Lucy'
'Bob Dylan','Tangled Up in Blue'
'Peter Sellers','A Hard Day''''s Night'
'Bob Dylan',"'It''''s All over Now, Baby Blue'"
'Belle & Sebastian','It Could Have Been a Brilliant Career'
